test_id,category,filename,relative_path,expected_brand,expected_verdict,predicted_brand,actual_verdict,threat_type,is_correct,confidence_score,siglip2_score,dinov2_score,cielab_delta_e,edge_stroke_iou,ocr_match,detected_text,classifier_pred,classifier_conf,classifier_unk_prob,matched_reference,latency_ms,action_reason
1,OFFICIAL_LOGO,a200m.png,logos\a200m.png,a200m,MATCH,a200m,MATCH,EXACT_REPLICA,1,1.0,1.0,1.0,0.0,1.0,1,,a200m,0.7402,0.102,a200m.png,2868.9,"High-confidence multi-modal consensus confirming authentic official logo 'a200m' (SigLIP=1.000, DINOv2=1.000, Edge IoU=1.000, Delta E=0.0)."
2,OFFICIAL_LOGO,asia100.png,logos\asia100.png,asia100,MATCH,asia100,MATCH,EXACT_REPLICA,1,1.0,1.0,1.0,0.13,1.0,1,,asia100,0.7367,0.1549,asia100.png,5516.4,"High-confidence multi-modal consensus confirming authentic official logo 'asia100' (SigLIP=1.000, DINOv2=1.000, Edge IoU=1.000, Delta E=0.1)."
3,OFFICIAL_LOGO,asia200.png,logos\asia200.png,asia200,MATCH,asia200,MATCH,EXACT_REPLICA,1,1.0,1.0,1.0,0.0,1.0,1,,asia200,0.5605,0.2924,asia200.png,2167.7,"High-confidence multi-modal consensus confirming authentic official logo 'asia200' (SigLIP=1.000, DINOv2=1.000, Edge IoU=1.000, Delta E=0.0)."
4,OFFICIAL_LOGO,asia300.png,logos\asia300.png,asia300,MATCH,asia300,MATCH,EXACT_REPLICA,1,1.0,1.0,1.0,0.05,1.0,1,,asia300,0.8242,0.1149,asia300.png,5891.4,"High-confidence multi-modal consensus confirming authentic official logo 'asia300' (SigLIP=1.000, DINOv2=1.000, Edge IoU=1.000, Delta E=0.1)."
5,OFFICIAL_LOGO,asia400.png,logos\asia400.png,asia400,MATCH,asia400,MATCH,EXACT_REPLICA,1,1.0,1.0,1.0,0.08,1.0,1,,asia400,0.455,0.2872,asia400.png,5960.7,"High-confidence multi-modal consensus confirming authentic official logo 'asia400' (SigLIP=1.000, DINOv2=1.000, Edge IoU=1.000, Delta E=0.1)."
6,OFFICIAL_LOGO,b200m.png,logos\b200m.png,b200m,MATCH,b200m,MATCH,EXACT_REPLICA,1,1.0,1.0,1.0,0.5,1.0,1,,b200m,0.5065,0.4092,b200m.png,2699.5,"High-confidence multi-modal consensus confirming authentic official logo 'b200m' (SigLIP=1.000, DINOv2=1.000, Edge IoU=1.000, Delta E=0.5)."
7,OFFICIAL_LOGO,bonaslot.png,logos\bonaslot.png,bonaslot,MATCH,bonaslot,MATCH,EXACT_REPLICA,1,1.0,1.0,1.0,0.5,1.0,1,,bonaslot,0.8343,0.1084,bonaslot.png,2953.9,"High-confidence multi-modal consensus confirming authentic official logo 'bonaslot' (SigLIP=1.000, DINOv2=1.000, Edge IoU=1.000, Delta E=0.5)."
8,OFFICIAL_LOGO,c200m.png,logos\c200m.png,c200m,MATCH,c200m,MATCH,EXACT_REPLICA,1,1.0,1.0,1.0,0.04,1.0,1,,c200m,0.7335,0.1048,c200m.png,2523.9,"High-confidence multi-modal consensus confirming authentic official logo 'c200m' (SigLIP=1.000, DINOv2=1.000, Edge IoU=1.000, Delta E=0.0)."
9,OFFICIAL_LOGO,d200m.png,logos\d200m.png,d200m,MATCH,d200m,MATCH,EXACT_REPLICA,1,1.0,1.0,1.0,0.14,1.0,1,,d200m,0.5577,0.238,d200m.png,2555.9,"High-confidence multi-modal consensus confirming authentic official logo 'd200m' (SigLIP=1.000, DINOv2=1.000, Edge IoU=1.000, Delta E=0.1)."
10,OFFICIAL_LOGO,depo89.png,logos\depo89.png,depo89,MATCH,depo89,MATCH,EXACT_REPLICA,1,1.0,1.0,1.0,0.01,1.0,1,,depo89,0.8714,0.1029,depo89.png,2489.2,"High-confidence multi-modal consensus confirming authentic official logo 'depo89' (SigLIP=1.000, DINOv2=1.000, Edge IoU=1.000, Delta E=0.0)."
11,OFFICIAL_LOGO,dewi11.png,logos\dewi11.png,dewi11,MATCH,dewi11,MATCH,EXACT_REPLICA,1,1.0,1.0,1.0,0.0,1.0,1,,dewi11,0.8858,0.0977,dewi11.png,3992.7,"High-confidence multi-modal consensus confirming authentic official logo 'dewi11' (SigLIP=1.000, DINOv2=1.000, Edge IoU=1.000, Delta E=0.0)."
12,OFFICIAL_LOGO,e200m.png,logos\e200m.png,e200m,MATCH,e200m,MATCH,EXACT_REPLICA,1,1.0,1.0,1.0,0.04,1.0,1,,e200m,0.7811,0.1166,e200m.png,3065.9,"High-confidence multi-modal consensus confirming authentic official logo 'e200m' (SigLIP=1.000, DINOv2=1.000, Edge IoU=1.000, Delta E=0.0)."
13,OFFICIAL_LOGO,f200m.png,logos\f200m.png,f200m,MATCH,f200m,MATCH,EXACT_REPLICA,1,1.0,1.0,1.0,0.0,1.0,1,,f200m,0.6696,0.0763,f200m.png,2656.8,"High-confidence multi-modal consensus confirming authentic official logo 'f200m' (SigLIP=1.000, DINOv2=1.000, Edge IoU=1.000, Delta E=0.0)."
14,OFFICIAL_LOGO,fufuslot.png,logos\fufuslot.png,fufuslot,MATCH,fufuslot,MATCH,EXACT_REPLICA,1,1.0,1.0,1.0,0.45,1.0,1,,fufuslot,0.7473,0.1151,fufuslot.png,2505.4,"High-confidence multi-modal consensus confirming authentic official logo 'fufuslot' (SigLIP=1.000, DINOv2=1.000, Edge IoU=1.000, Delta E=0.5)."
15,OFFICIAL_LOGO,g200m.png,logos\g200m.png,g200m,MATCH,g200m,MATCH,EXACT_REPLICA,1,1.0,1.0,1.0,0.0,1.0,1,,g200m,0.6084,0.2555,g200m.png,2687.0,"High-confidence multi-modal consensus confirming authentic official logo 'g200m' (SigLIP=1.000, DINOv2=1.000, Edge IoU=1.000, Delta E=0.0)."
16,OFFICIAL_LOGO,hahasurga.png,logos\hahasurga.png,hahasurga,MATCH,hahasurga,MATCH,EXACT_REPLICA,1,0.9773,1.0,1.0,0.5,0.8484,1,,hahasurga,0.7542,0.1957,hahasurga.png,13402.4,"High-confidence multi-modal consensus confirming authentic official logo 'hahasurga' (SigLIP=1.000, DINOv2=1.000, Edge IoU=0.848, Delta E=0.5)."
17,OFFICIAL_LOGO,j200m.png,logos\j200m.png,j200m,MATCH,j200m,MATCH,EXACT_REPLICA,1,1.0,1.0,1.0,0.18,1.0,1,,j200m,0.6297,0.2049,j200m.png,2452.8,"High-confidence multi-modal consensus confirming authentic official logo 'j200m' (SigLIP=1.000, DINOv2=1.000, Edge IoU=1.000, Delta E=0.2)."
18,OFFICIAL_LOGO,jagoledak.png,logos\jagoledak.png,jagoledak,MATCH,jagoledak,MATCH,EXACT_REPLICA,1,1.0,1.0,1.0,0.0,1.0,1,,jagoledak,0.6387,0.3384,jagoledak.png,6378.8,"High-confidence multi-modal consensus confirming authentic official logo 'jagoledak' (SigLIP=1.000, DINOv2=1.000, Edge IoU=1.000, Delta E=0.0)."
19,OFFICIAL_LOGO,jos007.png,logos\jos007.png,jos007,MATCH,jos007,MATCH,EXACT_REPLICA,1,1.0,1.0,1.0,0.09,1.0,1,,jos007,0.9138,0.0561,jos007.png,2578.1,"High-confidence multi-modal consensus confirming authentic official logo 'jos007' (SigLIP=1.000, DINOv2=1.000, Edge IoU=1.000, Delta E=0.1)."
20,OFFICIAL_LOGO,k200m.png,logos\k200m.png,k200m,MATCH,k200m,MATCH,EXACT_REPLICA,1,1.0,1.0,1.0,0.24,1.0,1,,k200m,0.8187,0.1221,k200m.png,2580.8,"High-confidence multi-modal consensus confirming authentic official logo 'k200m' (SigLIP=1.000, DINOv2=1.000, Edge IoU=1.000, Delta E=0.2)."
21,OFFICIAL_LOGO,madura88.png,logos\madura88.png,madura88,MATCH,madura88,REVIEW,LAYOUT_MODIFICATION,0,0.92,1.0,1.0,0.0,1.0,0,,madura88,0.9491,0.0335,madura88.png,2720.8,"Moderate similarity with 'madura88' (score=0.920), requires manual forensic review to confirm authenticity."
22,OFFICIAL_LOGO,mposurga.png,logos\mposurga.png,mposurga,MATCH,mposurga,MATCH,EXACT_REPLICA,1,1.0,1.0,1.0,0.18,1.0,1,,mposurga,0.8148,0.1029,mposurga.png,2598.6,"High-confidence multi-modal consensus confirming authentic official logo 'mposurga' (SigLIP=1.000, DINOv2=1.000, Edge IoU=1.000, Delta E=0.2)."
23,OFFICIAL_LOGO,nusa211.png,logos\nusa211.png,nusa211,MATCH,nusa211,MATCH,EXACT_REPLICA,1,1.0,1.0,1.0,0.5,1.0,1,,nusa211,0.6597,0.2698,nusa211.png,2510.2,"High-confidence multi-modal consensus confirming authentic official logo 'nusa211' (SigLIP=1.000, DINOv2=1.000, Edge IoU=1.000, Delta E=0.5)."
24,OFFICIAL_LOGO,p200m.png,logos\p200m.png,p200m,MATCH,p200m,MATCH,EXACT_REPLICA,1,1.0,1.0,1.0,0.03,1.0,1,,p200m,0.7924,0.0166,p200m.png,2600.1,"High-confidence multi-modal consensus confirming authentic official logo 'p200m' (SigLIP=1.000, DINOv2=1.000, Edge IoU=1.000, Delta E=0.0)."
25,OFFICIAL_LOGO,paduka500.png,logos\paduka500.png,paduka500,MATCH,paduka500,REVIEW,NUMBER_COLLISION,0,1.0,1.0,1.0,0.03,1.0,1,,paduka500,0.8446,0.0842,paduka500.png,2733.5,"Candidate visual identity matches 'paduka500', but alphanumeric text differs ('PADUKA5DD TEMPATBERMAINPADUKARAJA' vs 'PADUKA5DD TEMPATBERMAINPADUKARAJA'). Suspicious brand squatter/clone."
26,OFFICIAL_LOGO,pasti200m.png,logos\pasti200m.png,pasti200m,MATCH,pasti200m,MATCH,EXACT_REPLICA,1,1.0,1.0,1.0,0.07,1.0,1,,pasti200m,0.8294,0.1424,pasti200m.png,2529.3,"High-confidence multi-modal consensus confirming authentic official logo 'pasti200m' (SigLIP=1.000, DINOv2=1.000, Edge IoU=1.000, Delta E=0.1)."
27,OFFICIAL_LOGO,raja100.png,logos\raja100.png,raja100,MATCH,raja100,MATCH,EXACT_REPLICA,1,1.0,1.0,1.0,0.5,1.0,1,,raja100,0.8961,0.0636,raja100.png,2730.7,"High-confidence multi-modal consensus confirming authentic official logo 'raja100' (SigLIP=1.000, DINOv2=1.000, Edge IoU=1.000, Delta E=0.5)."
28,OFFICIAL_LOGO,sgcplay.png,logos\sgcplay.png,sgcplay,MATCH,sgcplay,MATCH,EXACT_REPLICA,1,1.0,1.0,1.0,0.11,1.0,1,,sgcplay,0.8314,0.0554,sgcplay.png,2862.4,"High-confidence multi-modal consensus confirming authentic official logo 'sgcplay' (SigLIP=1.000, DINOv2=1.000, Edge IoU=1.000, Delta E=0.1)."
29,OFFICIAL_LOGO,sgcvip.png,logos\sgcvip.png,sgcvip,MATCH,sgcvip,MATCH,EXACT_REPLICA,1,1.0,1.0,1.0,0.02,1.0,1,,sgcvip,0.8598,0.0771,sgcvip.png,4617.1,"High-confidence multi-modal consensus confirming authentic official logo 'sgcvip' (SigLIP=1.000, DINOv2=1.000, Edge IoU=1.000, Delta E=0.0)."
30,OFFICIAL_LOGO,sgcwin.png,logos\sgcwin.png,sgcwin,MATCH,sgcwin,MATCH,EXACT_REPLICA,1,1.0,1.0,1.0,0.07,1.0,1,,unknown,0.5205,0.5205,sgcwin.png,2579.7,"High-confidence multi-modal consensus confirming authentic official logo 'sgcwin' (SigLIP=1.000, DINOv2=1.000, Edge IoU=1.000, Delta E=0.1)."
31,OFFICIAL_LOGO,sgcwin77.png,logos\sgcwin77.png,sgcwin77,MATCH,sgcwin77,MATCH,EXACT_REPLICA,1,1.0,1.0,1.0,0.21,1.0,1,,sgcwin77,0.7882,0.1141,sgcwin77.png,14495.7,"High-confidence multi-modal consensus confirming authentic official logo 'sgcwin77' (SigLIP=1.000, DINOv2=1.000, Edge IoU=1.000, Delta E=0.2)."
32,OFFICIAL_LOGO,sgcwin88.png,logos\sgcwin88.png,sgcwin88,MATCH,sgcwin88,REVIEW,NUMBER_COLLISION,0,1.0,1.0,1.0,0.1,1.0,1,,sgcwin88,0.7848,0.1304,sgcwin88.png,4294.0,"Candidate visual identity matches 'sgcwin88', but alphanumeric text differs ('SGCWIN8 SGCWIN GROUP' vs 'SGCWIN8 SGCWIN GROUP'). Suspicious brand squatter/clone."
33,OFFICIAL_LOGO,super89.png,logos\super89.png,super89,MATCH,super89,REVIEW,NUMBER_COLLISION,0,1.0,1.0,1.0,0.5,1.0,1,,super89,0.7813,0.1812,super89.png,2464.7,"Candidate visual identity matches 'super89', but alphanumeric text differs ('SUPER81' vs 'SUPER81'). Suspicious brand squatter/clone."
34,OFFICIAL_LOGO,surga11.png,logos\surga11.png,surga11,MATCH,surga11,MATCH,EXACT_REPLICA,1,0.9744,1.0,1.0,0.05,0.8291,1,,surga11,0.6688,0.2362,surga11.png,13218.0,"High-confidence multi-modal consensus confirming authentic official logo 'surga11' (SigLIP=1.000, DINOv2=1.000, Edge IoU=0.829, Delta E=0.1)."
35,OFFICIAL_LOGO,surga200m.png,logos\surga200m.png,surga200m,MATCH,surga200m,MATCH,EXACT_REPLICA,1,1.0,1.0,1.0,0.5,1.0,1,,surga200m,0.8387,0.0963,surga200m.png,2970.1,"High-confidence multi-modal consensus confirming authentic official logo 'surga200m' (SigLIP=1.000, DINOv2=1.000, Edge IoU=1.000, Delta E=0.5)."
36,OFFICIAL_LOGO,surga22.png,logos\surga22.png,surga22,MATCH,surga22,MATCH,EXACT_REPLICA,1,1.0,1.0,1.0,0.03,1.0,1,,surga22,0.3049,0.2816,surga22.png,3420.3,"High-confidence multi-modal consensus confirming authentic official logo 'surga22' (SigLIP=1.000, DINOv2=1.000, Edge IoU=1.000, Delta E=0.0)."
37,OFFICIAL_LOGO,surga33.png,logos\surga33.png,surga33,MATCH,surga33,MATCH,EXACT_REPLICA,1,1.0,1.0,1.0,0.5,1.0,1,,surga33,0.7322,0.1853,surga33.png,3948.6,"High-confidence multi-modal consensus confirming authentic official logo 'surga33' (SigLIP=1.000, DINOv2=1.000, Edge IoU=1.000, Delta E=0.5)."
38,OFFICIAL_LOGO,surga5000.png,logos\surga5000.png,surga5000,MATCH,surga5000,MATCH,EXACT_REPLICA,1,1.0,1.0,1.0,0.01,1.0,1,,surga5000,0.7968,0.1579,surga5000.png,4038.0,"High-confidence multi-modal consensus confirming authentic official logo 'surga5000' (SigLIP=1.000, DINOv2=1.000, Edge IoU=1.000, Delta E=0.0)."
39,OFFICIAL_LOGO,surga55.png,logos\surga55.png,surga55,MATCH,surga55,MATCH,EXACT_REPLICA,1,1.0,1.0,1.0,0.5,1.0,1,,surga55,0.5574,0.2982,surga55.png,1259.7,"High-confidence multi-modal consensus confirming authentic official logo 'surga55' (SigLIP=1.000, DINOv2=1.000, Edge IoU=1.000, Delta E=0.5)."
40,OFFICIAL_LOGO,surga77.png,logos\surga77.png,surga77,MATCH,surga77,REVIEW,NUMBER_COLLISION,0,1.0,1.0,1.0,0.01,1.0,1,,surga77,0.7958,0.1082,surga77.png,4456.0,"Candidate visual identity matches 'surga77', but alphanumeric text differs ('SURGAZ7 SURCACROUP' vs 'SURGAZ7 SURCACROUP'). Suspicious brand squatter/clone."
41,OFFICIAL_LOGO,surga88.png,logos\surga88.png,surga88,MATCH,surga88,MATCH,EXACT_REPLICA,1,1.0,1.0,1.0,0.5,1.0,1,,unknown,0.5155,0.5155,surga88.png,3610.7,"High-confidence multi-modal consensus confirming authentic official logo 'surga88' (SigLIP=1.000, DINOv2=1.000, Edge IoU=1.000, Delta E=0.5)."
42,OFFICIAL_LOGO,surga99.png,logos\surga99.png,surga99,MATCH,surga99,MATCH,EXACT_REPLICA,1,1.0,1.0,1.0,0.04,1.0,1,,unknown,0.5959,0.5959,surga99.png,3686.1,"High-confidence multi-modal consensus confirming authentic official logo 'surga99' (SigLIP=1.000, DINOv2=1.000, Edge IoU=1.000, Delta E=0.0)."
43,OFFICIAL_LOGO,surgagacor.png,logos\surgagacor.png,surgagacor,MATCH,surgagacor,MATCH,EXACT_REPLICA,1,0.9777,1.0,1.0,0.19,0.851,1,,surgagacor,0.7689,0.1609,surgagacor.png,1254.0,"High-confidence multi-modal consensus confirming authentic official logo 'surgagacor' (SigLIP=1.000, DINOv2=1.000, Edge IoU=0.851, Delta E=0.2)."
44,OFFICIAL_LOGO,surgaplay.png,logos\surgaplay.png,surgaplay,MATCH,surgaplay,MATCH,EXACT_REPLICA,1,1.0,1.0,1.0,0.15,1.0,1,,surgaplay,0.8485,0.0561,surgaplay.png,3508.8,"High-confidence multi-modal consensus confirming authentic official logo 'surgaplay' (SigLIP=1.000, DINOv2=1.000, Edge IoU=1.000, Delta E=0.1)."
45,OFFICIAL_LOGO,surgavip.png,logos\surgavip.png,surgavip,MATCH,surgavip,MATCH,EXACT_REPLICA,1,1.0,1.0,1.0,0.04,1.0,1,,surgavip,0.8171,0.1365,surgavip.png,4814.2,"High-confidence multi-modal consensus confirming authentic official logo 'surgavip' (SigLIP=1.000, DINOv2=1.000, Edge IoU=1.000, Delta E=0.0)."
46,OFFICIAL_LOGO,surgavip88.png,logos\surgavip88.png,surgavip88,MATCH,surgavip88,MATCH,EXACT_REPLICA,1,1.0,1.0,1.0,0.21,1.0,1,,surgavip88,0.5661,0.3309,surgavip88.png,4442.5,"High-confidence multi-modal consensus confirming authentic official logo 'surgavip88' (SigLIP=1.000, DINOv2=1.000, Edge IoU=1.000, Delta E=0.2)."
47,OFFICIAL_LOGO,tiket100.png,logos\tiket100.png,tiket100,MATCH,tiket100,MATCH,EXACT_REPLICA,1,0.9622,1.0,1.0,0.01,0.7477,1,,tiket100,0.8534,0.0599,tiket100.png,8714.0,"High-confidence multi-modal consensus confirming authentic official logo 'tiket100' (SigLIP=1.000, DINOv2=1.000, Edge IoU=0.748, Delta E=0.0)."
48,OFFICIAL_LOGO,tiket200.png,logos\tiket200.png,tiket200,MATCH,tiket200,MATCH,EXACT_REPLICA,1,0.9606,1.0,1.0,0.27,0.7372,1,,tiket200,0.7275,0.1447,tiket200.png,8649.1,"High-confidence multi-modal consensus confirming authentic official logo 'tiket200' (SigLIP=1.000, DINOv2=1.000, Edge IoU=0.737, Delta E=0.3)."
49,OFFICIAL_LOGO,tiket300.png,logos\tiket300.png,tiket300,MATCH,tiket300,MATCH,EXACT_REPLICA,1,0.9641,1.0,1.0,0.02,0.761,1,,tiket300,0.8166,0.0936,tiket300.png,8245.2,"High-confidence multi-modal consensus confirming authentic official logo 'tiket300' (SigLIP=1.000, DINOv2=1.000, Edge IoU=0.761, Delta E=0.0)."
50,OFFICIAL_LOGO,top111.gif,logos\top111.gif,top111,MATCH,top111,MATCH,EXACT_REPLICA,1,1.0,1.0,1.0,0.0,1.0,1,,unknown,0.6093,0.6093,top111.gif,19150.6,"High-confidence multi-modal consensus confirming authentic official logo 'top111' (SigLIP=1.000, DINOv2=1.000, Edge IoU=1.000, Delta E=0.0)."
51,OFFICIAL_LOGO,tri88.png,logos\tri88.png,tri88,MATCH,tri88,MATCH,EXACT_REPLICA,1,1.0,1.0,1.0,0.0,1.0,1,,tri88,0.8141,0.1197,tri88.png,2080.3,"High-confidence multi-modal consensus confirming authentic official logo 'tri88' (SigLIP=1.000, DINOv2=1.000, Edge IoU=1.000, Delta E=0.0)."
52,OFFICIAL_LOGO,y200m.png,logos\y200m.png,y200m,MATCH,y200m,MATCH,EXACT_REPLICA,1,1.0,1.0,1.0,0.11,1.0,1,,y200m,0.6423,0.3259,y200m.png,2581.7,"High-confidence multi-modal consensus confirming authentic official logo 'y200m' (SigLIP=1.000, DINOv2=1.000, Edge IoU=1.000, Delta E=0.1)."
